date,F1,F2,F3,F4,F5,F6,F7,F8,F1_cu
2005-01-31,-0.9880077149167203,-1.4025855992230518,-1.6502022349053935,0.5829211563646207,-1.3758398113876427,0.552555861672188,-0.9121148393169318,0.09920431047294898,-0.9644528647854188
2005-02-28,0.9206573547387253,0.6801450430274785,0.837763921506706,1.275174933121932,0.6713720645746168,0.014676746145492277,-0.31968439648822733,0.13110279605093583,0.7803583480747214
2005-03-31,0.1851939487680075,-0.3375786221618633,0.17455912329153303,1.334855427223649,0.22521926440323708,-0.23796815179003802,-0.49238496635768264,0.9684088621462105,0.00635155957399993
2005-04-30,0.29604232052615287,-1.0307750733704981,0.010431299435108028,0.4047504963800859,-0.430324144614252,1.0354895020350232,0.08287899529742059,-1.9055273328697109,0.025945461456165945
2005-05-31,0.7168144814363939,0.05871904280787374,0.427422213629297,0.07266533541570637,-0.90825272040308,0.21110811204597676,0.3506756079660097,-0.6265296579663345,0.36831576786634057
2005-06-30,0.07177555709271806,-1.3983748852133395,0.22020939097813835,0.3519629278759301,0.3756432532195245,-0.3282076776224551,-0.359676887164022,0.3355810653025849,0.0003697683335173493
2005-07-31,0.08283854471291689,-0.31944271205338953,0.7916907947859566,0.4785062586816957,-1.3843936073400047,-0.3603810995360127,0.41277679257196026,-0.18238702705761975,0.0005684566902576897
2005-08-31,0.41244893295813084,0.33072520485168094,-0.3298542558371069,0.23994356295840188,-0.566158800338849,-0.3172399934533455,0.04694315896352515,0.22704871761153433,0.0701633882230431
2005-09-30,-0.4949540726851204,-0.9450368948328317,0.16394809882768735,1.075575705762446,1.2343430500569306,-1.0510924014507812,-0.5812072741005461,0.38935287173688543,-0.12125361811125562
2005-10-31,-0.5873749655605262,-0.4885564674030425,0.08555758757855272,0.8497648511342097,-1.372476106603218,0.7004230007381034,-0.02094241588094242,-0.4603181489124127,-0.2026498551725358
2005-11-30,0.00445302780497361,-0.030384968472303972,-0.9850081388298252,0.745759235766441,0.43952775516045733,-0.010167008981801206,-0.5362407280436138,0.0778078759566949,8.830112173922697e-08
2005-12-31,0.08443346906329287,0.7453764239181457,1.6790716037872566,0.5390925429374529,-1.0716494752822856,-0.247591967170747,-0.09482327905200442,0.934726570794358,0.0006019271042267047
2006-01-31,-0.5591211315281838,-0.8334470279295311,-1.8943909191952717,0.3220433660557036,-0.9708209991818192,-0.16073941266651992,-0.5886481642078819,0.27862377592116255,-0.17479045751131714
2006-02-28,-0.07186452164790777,0.767628463668027,1.3958974706755567,1.0921281680194255,-0.052675530621933,0.39277242718275623,-0.8752743339307353,-0.14935239256648197,-0.00037114500272855927
2006-03-31,-0.19108757843099464,0.10392202147062411,-0.6400253380106931,0.949709138381282,0.8108123000304642,0.039123191705691486,-0.8690952301264674,0.8490104513617172,-0.006977460241794514
2006-04-30,-0.7611730197878918,0.27660387784956675,0.7729801333739295,0.2910855839932804,-2.5223540783241685,0.2123374437865451,-0.8855014146378115,0.7159664551419611,-0.4410117475264692
2006-05-31,-0.7965828672650387,-0.010749559658815844,0.036276259914486374,0.8965403861524188,0.09866701919805897,0.6327495701740531,-0.42490620306116617,-0.47614371823449697,-0.50546708955842
2006-06-30,-0.36474491730858966,0.6252326977855015,-0.4965426255951122,0.7370062136232558,0.2086834180838083,1.0798813396838047,0.0714107630918212,-0.43360648294976617,-0.04852524605727457
2006-07-31,-0.5001920184218762,0.4697030143593786,0.3543186088828411,0.5425523550019843,-1.1328997733231871,-0.7473652941217029,-0.3867413715272757,0.523443566443567,-0.1251440691300986
2006-08-31,-0.9035356538500083,0.0462010651648526,-0.5485822484389878,0.8056087141332525,-0.20190931864047504,0.6781332365081801,-0.4952508843784138,-0.5666146122939738,-0.7376254353441892
2006-09-30,-0.5773673782387093,0.2758787237831534,-0.7218730561287486,1.1711476020862168,1.2056725894542322,-0.40415616731079423,-0.9506785069357577,-0.4709928919428785,-0.19246719928596898
2006-10-31,-0.45888060056035995,0.6579712180587911,0.41625920031870267,0.3981350261019488,-0.7140872142424549,-0.13947116346378602,-0.8547531461586174,1.9649256232965382,-0.09662713304909286
2006-11-30,-0.9135576778031195,-0.05294899017296417,-0.7234047811150036,1.1789406825347346,0.24519383953857005,0.3006587559977038,-1.0773473771497746,0.11128288074780436,-0.7624439378008592
2006-12-31,-0.9175734948966986,0.6302981679535937,1.4626424096368325,0.9022114818873908,-1.3581033624680425,0.8016262562911304,-0.06446429445411211,1.2190844059134416,-0.7725428546331773
2007-01-31,-0.46065181838613767,0.7215531770905264,-1.992690174256248,0.9340191178580299,-0.694624979836094,-1.60488118410854,-3.09765632056579,-1.002554169959164,-0.09775036090520418
2007-02-28,-0.3615633980715112,0.19204249327953268,0.9973626712421965,1.056671507129363,-0.347357270048305,0.827077532898195,-0.3371123027512131,1.3290867968663382,-0.047266492742094685
2007-03-31,-0.6348040479371659,0.04476573021957751,-0.48329311669241487,1.1629269077552067,0.44037345598941213,-0.18807114254739238,-1.0707749061366423,0.9222413660674458,-0.255810909827554
2007-04-30,-0.2353023698872217,1.0026640595965308,0.2971841116254455,0.6290368682892208,-1.8188764929639807,0.9131723642093819,-0.6373169615019961,0.30932375683041213,-0.013028034615132224
2007-05-31,-0.7307602294920603,0.1345245583869045,-0.6384667331835027,1.2012500797619294,-0.29594067882290653,0.3075543470479581,-0.7156831537828753,-0.4880818537835161,-0.39023364503637914
2007-06-30,-0.47540065993995456,0.454164406080097,-0.39437355733607576,0.934418808711968,-0.23471756232167695,0.49737538936490255,-0.686981933158035,0.20510594354262435,-0.1074433005141262
2007-07-31,-0.37106067379557245,0.6019139125035554,0.1558121468977439,0.711248281386901,-0.37579339515555743,-0.054905866445292446,-0.6649723329929391,1.101981200018106,-0.05108986870320996
2007-08-31,-0.5647560086635186,0.4737469757937444,-1.0023452143749183,0.8798385584056418,-0.30305554392527095,0.3573003644355083,-1.1971460762234993,0.010350881955885035,-0.18012856148866396
2007-09-30,-0.4091439136406317,0.13506523370960022,-0.03768616605769005,1.4626122322200725,1.002467902111905,-0.16321671464249207,-1.5964788599774813,0.5876127667207172,-0.06849017646869997
2007-10-31,-0.2584242142416891,0.21483830180546373,-0.1667839151032374,0.6810479526985198,-0.26242649238467036,-0.3198872457572399,-0.5903825106896854,1.394884662733835,-0.017258363553969494
2007-11-30,-0.059762467054012856,0.3950395666340014,-0.593613699977281,1.3016960041875787,0.4537155415244874,0.28968946969422427,-0.22177989641238274,-0.22994816120420591,-0.0002134447867233559
2007-12-31,-0.38321315216662993,0.5461708887461926,0.3549693999105493,0.7572851370760425,-1.7272671134159654,0.9551321031121472,-0.2638409320775797,-0.6739850210022608,-0.05627574044768587
2008-01-31,-0.42479458985655194,-0.09782638881159825,-1.66062460051145,1.0702248193437942,-0.2635869755346194,-1.1641782201065844,-0.1826767362804015,2.28402760794248,-0.0766543721663441
2008-02-29,-0.2200620858083997,0.8684093895318334,0.838493220488637,1.6256826381937595,0.7150120228149773,0.3759605435053479,0.0713057222393963,0.4116971815471289,-0.010657017403686374
2008-03-31,-0.19041210764871147,0.7255501164321622,-0.40570137718924926,1.3082063984557166,-0.4456652182403606,-0.3344855223120002,-0.5862817910769237,0.23600003271808367,-0.0069037281329918645
2008-04-30,0.0340189776936379,-0.29411353335751367,-0.9442703223450865,0.740114384374231,0.27654256728612997,0.767643036172999,-1.2529196400702813,-0.19612961057605766,3.936985138396241e-05
2008-05-31,0.6090088554224588,1.1247415626872688,0.34149814865879363,0.5619016771664064,-1.0514217171281013,0.5087074749503224,-0.3404954079518713,0.03432865077721467,0.22587638206708208
2008-06-30,-0.10374482228189204,-0.2002562263903365,-0.3703488106473885,0.9418141477834391,0.42679248491399746,-0.03362553938559383,-0.9514720809496752,-0.0014068280825320079,-0.0011166042928751248
2008-07-31,0.4897059413378966,0.95802832977823,-0.18468308867848873,1.1278091458146988,-0.8928720586437188,-0.6163792337516107,-0.05862252007645593,1.09905310174107,0.11743731663188973
2008-08-31,-0.07616160496280565,-0.04932923327239991,-0.9621142107783207,1.9780485484970547,-0.4622740336047668,1.2579072582142792,0.010618805952852526,-1.362517719004045,-0.0004417822495013908
2008-09-30,0.6564884001496473,0.043434021486797106,-0.7728233256783174,2.0556492483247086,2.1453006990289145,-0.28821809774256707,-0.09527021586680275,1.7683675109702692,0.28293141405319794
2008-10-31,1.186591723924178,0.29659990477775106,-1.3829862422833787,1.5631529271117517,0.4891669199035634,1.3242964966675956,1.6751183672115133,-1.4351250127153723,1.6707210515099105
2008-11-30,2.7051918018003724,0.38241815434150384,-1.1360416689546435,1.487104413645708,0.804250112990223,0.1333541161737971,2.5710405280067294,-0.09171946643277008,19.796763179246224
2008-12-31,3.211965924939902,0.5852348299436605,0.5469730856110004,1.2145897795535519,-0.231573371757629,-1.337338090960705,2.8960940512286037,1.0899335999593245,33.13696948772794
2009-01-31,3.7851627012380344,-0.975622418284104,-2.4927694130107074,0.7108677734433714,-0.2636921492604528,-3.429120897515381,1.8659589006540187,2.4415871648454113,54.23175460922196
2009-02-28,2.502860682684558,-0.5116471204041232,1.8300475544225738,1.602569721112465,0.6071039638402942,-0.9032535213255521,1.3125455985431596,-1.0433387237893719,15.678699200036535
2009-03-31,2.1945631301448887,-2.1030088051239058,-0.3678706692346623,1.0827411208728503,0.7213532351021689,-0.21796015876501096,1.5030471006380477,0.13097729090731133,10.569251582047558
2009-04-30,2.309947749834552,-0.9885806380848225,0.7543566496742332,0.43590783090503954,-1.7304412857221771,0.039408161313761424,0.5756997646100759,0.08553663518712089,12.32555458259577
2009-05-31,0.8697472170829298,-2.4908474367855176,0.8489897753817335,1.169286761594179,-1.516626209458219,-0.21618017528213815,0.3508074405178782,-1.5319110193954928,0.6579291725909763
2009-06-30,0.8668600523877574,-1.8606674494257092,0.988401029103022,1.0064614940073013,-0.8591035927508037,-0.9896967293541222,0.5725604697012304,-0.5534138032775469,0.6513988226966162
2009-07-31,0.9682076099849684,-1.6580890477983898,0.30979176350396015,0.48140422272814026,-0.4366214109377888,-0.04801981037027025,2.4098380296511475,-1.45375720741926,0.9076229637925479
2009-08-31,0.46195371369737903,-1.2229250376889342,1.2718405201952707,0.5691286064692658,-2.0772354708486107,-1.9744643189535211,0.5054537472360593,-0.8996310338385685,0.09858149236856757
2009-09-30,-0.5713325354415197,-2.6249503654876714,-0.06857535125907394,1.1232442338199637,1.3130289071536596,0.19106488641216468,0.6792784386663351,-0.8429087717530602,-0.18649486102366875
2009-10-31,0.3854222918563936,0.14706398693470518,0.4433198323087523,1.3906256472769838,-1.0761197687644246,-0.3366552597697781,0.4566102400490112,0.5449629854428554,0.05725461367817514
2009-11-30,-0.1893713838388233,-0.5532785194899384,-0.20662802601980826,1.250237880427519,-1.2345818834055062,0.16399099369387457,1.0295004355680726,1.1259020678750156,-0.006791145861560196
2009-12-31,0.10732213667146306,0.7012973305812735,1.6793548244514516,1.3997487343036474,-0.9896483967557781,-0.8941785445347937,0.2583893485779131,-0.50697179030125,0.0012361407725067874
2010-01-31,0.31344543542395886,-2.4732919219412097,-1.7218943954061976,-1.1048978232049929,-1.8990449802012441,-1.6030769112952066,0.8948938987352749,-1.6587178265155549,0.030795399987070714
2010-02-28,0.44552583207838253,-0.432135055976622,1.8782383811676078,0.20908057023997154,1.3823849578945575,-0.43251101300730344,0.7031516466120902,-2.165634333138517,0.08843387796402251
2010-03-31,-0.5835339193717092,-1.8717304914614092,1.0390094887958206,-0.44517584043896546,0.01588103435881811,-1.3505672089378054,-0.1374162865974709,-0.5968137021343843,-0.19870020570344413
2010-04-30,-1.082967337081065,-0.5254013480848568,-0.21628937830463763,0.500158321492815,-2.2424916549184415,0.2924955997680524,0.2580853941485004,-0.9633295526944552,-1.2701238605312337
2010-05-31,-0.9491628320170086,-0.0006544822508033686,0.41533453054392033,0.7389159960410483,-0.5916016424205179,0.2234874666920127,0.9359320282267215,-0.9679099515532688,-0.8551103645224818
2010-06-30,-0.5398889156487667,0.183567637407483,-0.05835063387823594,0.48725085657273115,0.34099143940497034,0.23938631602120938,0.26274424818664943,-0.2391217205865482,-0.157366843398538
2010-07-31,-0.8034162670459484,0.34581923320771707,0.279137902837998,0.43300809043406624,-0.9681541938068844,0.17996577868666785,0.5779185686089281,-0.11510909936330369,-0.5185872827123356
2010-08-31,-0.865019439229464,0.17163772297423058,0.09344050331637345,0.4883397589088648,-0.7293390026199802,-0.840114218619803,-0.49664849759213997,-0.537306470178347,-0.6472582607330125
2010-09-30,-0.8867692827228348,-0.28599603374490307,-0.44804936453466176,0.9156667263459031,1.336429381776902,-0.5692772301513946,-0.6242151776050078,0.2859284149924866,-0.6973196810296642
2010-10-31,-0.9964512119039458,0.31048507551682525,0.2628777355370872,0.6900982943358024,-0.690381475256648,0.8017499182536223,-0.411652438260098,0.26399848375142665,-0.989391372709618
2010-11-30,-0.764276894452412,0.35426854729668056,-0.44362479446588426,0.5156834848507501,-0.278165094104765,-0.3892473095892926,-0.7905837945170263,0.33614271655002725,-0.44642878630298743
2010-12-31,-0.5196236078703937,1.1722748642678458,1.0608314581964609,0.6127665579872862,-1.2381197512675517,-0.6165339828508459,-0.5673838843555712,0.8119056127998197,-0.1403028916579545
2011-01-31,-1.2685437211210653,-0.16437927015267434,-2.2451386092330647,0.4328031532740595,-1.5625973621332954,0.2280211980510593,-0.7526018380010066,0.6625787417536679,-2.041344580350638
2011-02-28,-0.9708991714218619,1.0318403544179473,1.6350589525578922,1.523849482945539,0.8952135427099065,-0.18755443584304843,-1.460751040102651,-0.19587330316920934,-0.9152134446613835
2011-03-31,-1.0352384010841456,0.701337982501536,-0.6518264368408238,1.3297623448096367,1.1828290143909663,0.13718973471367268,-1.128246120981432,0.05182200858816037,-1.109484195090555
2011-04-30,-0.7444361204097629,1.0388991328350499,-0.2083269154655397,0.3652651049627822,-2.0409008179208747,1.6820674068610995,-0.8299889435001894,0.5412067979303208,-0.4125554336530245
2011-05-31,-0.7933186027652827,0.480083988578508,-0.9070466457031152,0.860914212776941,0.6850436895820549,0.6722292139123301,-0.8208900967670594,-0.7090851430260093,-0.4992785576102471
2011-06-30,-0.23533510512591455,1.2256188572578308,-0.021890705113988287,0.37836601020805594,-0.9698850302605634,1.0689358029007352,0.05937662997496319,0.6119047124542718,-0.013033472747655688
2011-07-31,-0.7903257468964043,-0.11861035078027385,0.30454799537671945,0.6937766141221414,-0.07205822256771457,-0.5541676309401413,-0.27147052409690836,0.9859451966820495,-0.4936491474318692
2011-08-31,-0.19533378661031228,1.1240938866160888,-1.025734360200138,0.862612887591829,1.057819164323686,0.19655058582836651,-0.055878510228320175,-1.2702200973775732,-0.007453016921657924
2011-09-30,-0.10438197223836804,0.4105893181041848,-0.7148083067952982,0.6175825206815475,1.8096174386413317,-0.49574492024369166,-0.056394065508153214,1.1848788649403152,-0.0011373038125921376
2011-10-31,-0.31086188166365925,0.6108320625236049,-0.17196189096051806,0.531009132711239,-0.6360628591666199,0.903094871241328,-0.7062298115951191,-0.00850803866824999,-0.03004017196507514
2011-11-30,-0.055118912364294066,0.06777263617623192,-0.6058658060520088,0.6029685574721169,0.033742035259752286,-0.27400466819378916,0.16654987134151977,1.5168407016621672,-0.0001674564645122204
2011-12-31,0.3399306052813439,1.2789322182359892,0.49605079105280847,0.2985895009854424,-0.6302806741749483,0.43628509882778777,0.050708162532590015,0.28110334054052455,0.039279938823175396
2012-01-31,-0.2756871557864714,-0.5911678247551904,-1.6336717997510959,0.20898761639652538,-0.8110074854286305,-1.680480254197391,-0.5802017667475424,0.47834554768889653,-0.020953163344555808
2012-02-29,0.16767315411795736,0.2491017183419293,1.5941401789463383,0.8624844352358844,1.0657663805708544,-0.6328690252951119,-0.13514369805157211,0.16622774755004563,0.004714011111987545
2012-03-31,-0.2455992145841988,-0.5736078141098206,-0.24938548468525368,0.3265140254429472,0.8741094409696889,0.17989122993433257,0.19978989041610068,-0.30787801184476987,-0.01481429268911913
2012-04-30,0.48566064169276546,0.8062623279973354,-0.5519897914598294,-0.008396887250174819,-1.294460191304172,1.3313229858011901,0.5761065745422819,-0.8148535917343915,0.1145509586459119
2012-05-31,-0.2960464473617422,-0.3736166854652117,-0.45747010260917853,0.2810409499464358,0.5909355358791704,0.9985112546727255,0.5738306524310407,-0.8873937194983181,-0.025946546511972795
2012-06-30,0.2569364295968641,0.24678030710787704,-0.2332722383683603,-0.43957298346909807,0.17665242873336479,0.10197604856602047,0.4993180744064105,0.19126501780604638,0.016961999830835163
2012-07-31,0.2776076904793524,-0.07838529456631096,0.4603822101764197,-0.06825588811195454,-0.3561997914583571,-0.576594431418079,0.33035970438982154,1.4898394697081545,0.02139412255087756
2012-08-31,0.2681688677861332,0.14470065295000026,0.06661420566309996,0.1755746344130429,0.0675247754935073,-0.8313960134670272,-0.30262799306705984,0.3269628722591946,0.019285241211557853
2012-09-30,0.5510370565302185,-0.24851256850861436,-0.45469459409701285,0.39426343424270816,0.8733554990234972,-0.3375094456024827,-0.1737463069191789,0.15107942701790475,0.16731790446882067
2012-10-31,0.4774228991339109,-0.059903225933209334,-0.5572294480866216,0.16933009295875714,0.29274362712352425,0.7789245660988834,0.37037251610259003,-0.16102373683657534,0.10882025445205412
2012-11-30,0.5179487484455466,-0.19027636826958386,-0.37202896999806895,-0.03340420824157942,0.11392000938398567,0.24989205844607526,0.6192297840997079,0.0717759367990676,0.13895058001549965
2012-12-31,0.5729413498212299,0.6141824564653985,1.5967753877083177,-0.1136618172468677,-1.1683836455155656,0.1184557851575781,0.3385613874821088,0.1255910146074063,0.18807475324925296
2013-01-31,-0.1996078191876438,-1.096599965219851,-2.0099172213171768,-0.26026687237512774,-0.27290023650251605,-0.5620954336753243,-0.12472568441257488,0.5653541823534161,-0.007953030525671326
2013-02-28,0.24523249944823225,0.5942509260053479,1.8374699286164637,0.8175212526328,1.1552598600605624,-0.37509241197939863,-0.6110431746732998,-0.9903050770912732,0.014748032081863581
2013-03-31,-0.27790253297056794,-0.6499958334662969,0.15390899665762092,0.4197261328583917,0.36826361855690937,0.009008820219681054,-0.11563207190090098,0.005592677057898146,-0.0214623619962176
2013-04-30,0.19304181134082662,-0.0775985917354285,-1.646257586853032,-0.21449598967882424,-0.3998765360674104,1.5079843459172644,0.06394684089285566,0.22285152337075512,0.007193730304177427
2013-05-31,0.035841450835549564,0.5063664992076709,1.2338593225012122,-0.15751868323866583,-0.9576472373597347,0.5346058554175934,0.3235518350338314,-0.1656360764796522,4.604227174948874e-05
2013-06-30,-0.20060123865175497,-0.30816766418672076,-0.11139531445856074,0.31565765358282805,0.29731076378570837,0.15116647170547917,-0.005995178429303096,0.29075856331875877,-0.008072365748300923
2013-07-31,-0.12103329750097817,0.22696911475082365,0.09095220025296087,-0.8151330907762927,0.08401295214471367,-0.4304698216209821,0.43382981038819274,0.49347557827645194,-0.0017730239286390384
2013-08-31,-0.2570409775056005,-0.06384552810181746,0.07669489779177278,-0.36274122145509263,-0.4790386531901786,0.014099219342059082,-0.04112044591507227,-0.7021705217741955,-0.01698271386450028
2013-09-30,-0.42158498985162884,-0.37243307235956713,-0.09092977123483567,0.14181949572835642,1.7599192082541086,-0.8776056291736035,-0.6060033236694982,-0.1411066345320888,-0.07492994597424762
2013-10-31,-0.3470428463484582,0.18198692128451396,-0.5021748938022251,-0.1997795876415128,-0.5350344335404349,0.6714386788068178,-0.19845869381319492,-0.2454292946545169,-0.04179740216907094
2013-11-30,-0.3743511924034407,-0.06119880539305392,0.6991478851172982,-0.10691689955513983,-0.17114357290638313,0.44297197249314496,0.05119929582593234,0.33601946441746305,-0.05246113259229468
2013-12-31,-0.06253794777508699,0.495563601281763,0.4305433583033815,-0.44127200991194604,-1.2534725503441828,-0.2166566017671771,-0.17934939628770402,0.08439904938295358,-0.0002445855955502531
2014-01-31,-0.35382972241486826,-0.4326540835295776,-1.5753650151485634,-0.8556673098431417,-0.12813899503073234,-0.8413583757717034,0.19394231569780254,0.17197622854603736,-0.044297879269600056
2014-02-28,-0.21877237763305837,0.5058641383995053,1.6126138739667053,0.34681986960448163,1.4268304645105685,0.2861154711130283,0.3852526402703066,-0.39197354987924515,-0.010470742039629631
2014-03-31,-0.4148305626552894,0.08369693999118726,-0.1282667452921464,-0.20790998364090896,0.8015470383954879,-0.4646991505695865,0.005002026777660569,-0.4605411750421785,-0.07138586669777942
2014-04-30,-0.24187457769507278,0.2452496615848589,-0.8421085631385177,-0.5603018298923611,-1.0131290354158369,1.2513653647654936,-0.020214701149235365,-0.03768680182373037,-0.01415046372295756
2014-05-31,0.17614576037449658,0.7110739990786284,-0.22304407060029754,-0.21135018517646678,-0.0023526338239548356,0.21944335040932797,-0.11098133218127297,-0.31645464120496375,0.0054653324411118726
2014-06-30,-0.20901655528800184,0.22237266384420662,0.8352107272359992,-0.259743889090638,-0.035758882892528,-0.005901320513707557,0.19488855762346854,0.32578174147488836,-0.009131498626456793
2014-07-31,-0.5002776319665325,-0.1545160519270734,-0.270175347128364,-0.17353408371388226,0.21607274432707338,-0.4503089702575251,-0.02263374544933488,0.203869237560492,-0.12520833961556238
2014-08-31,0.4967911683929664,1.1627041384042565,-0.41804389163863337,-0.4226346274898926,-0.08951473684360856,0.3114773227384311,0.8292011713805595,-0.6791950254438404,0.12260878815509181
2014-09-30,-0.5558001985533758,-0.7114421370375483,-0.2801456618029757,0.648167087483926,2.1123903233657835,-0.7956331960539851,-0.43543490363221743,0.4126495411663644,-0.17169438511960392
2014-10-31,-0.08410215624727205,-0.20868244130243813,-0.4439369522642981,-0.4184184824393069,-0.3952530815469912,0.7866166543640142,0.6004167575893125,-0.14385464213870927,-0.0005948690743548589
2014-11-30,0.086854212062734,0.19573509548562304,0.253509114660756,-0.020411627344379978,-0.052598438534239234,-0.22226945474366416,0.23284972123612183,-0.1851311166291281,0.0006551981375359185
2014-12-31,-0.33744979988405843,-0.19018511169469465,0.7346944080627538,-0.33827333210954297,-0.6006974731753518,0.20390464603183112,0.45821798294655836,-0.4087645911458994,-0.03842620760555637
2015-01-31,0.1911742050683479,-0.021855338491946034,-2.2189815199875857,-0.8087701626171945,-0.7399784778585355,-0.7340558593887913,1.0632209894350226,0.8080011929616485,0.006986953919645416
2015-02-28,-0.166817439235056,0.35762551933199804,2.325907093525327,0.212513539095128,1.3230336738813446,-0.7595242409931598,0.2729490557608649,0.5879359412552614,-0.004642205379939846
2015-03-31,-0.46122630126948255,-0.08195801118825877,0.06979776023427922,-0.2039025012491625,1.043685440788307,-1.3410620308418328,-0.03390590066849706,-0.19215496221853615,-0.09811653315442641
2015-04-30,-0.2787329061857343,0.33391293002149197,0.019898854908065654,-0.7569500384986231,-1.1176016550063403,1.0415799329303201,0.44201543102354446,-0.8338054889889738,-0.021655326142988405
2015-05-31,-0.16812951931899842,0.4167365806560678,-0.2649900567986811,-0.7579870879654796,-0.3977326901964303,0.9488793339223147,0.6330306608960447,-0.2115784999441289,-0.004752607116678966
2015-06-30,-0.6240574691422857,-0.2969964984645006,-0.38214321272207435,-0.5172818586788371,0.9948313399165843,0.14860936878050646,0.6853748570871657,-0.20094485785164787,-0.2430377614970884
2015-07-31,-0.4103571572750793,0.27038604237612884,0.32274158809916315,-0.5103341349907717,0.05285335657077922,-0.43839555826660964,0.9804405531388688,0.6161033093087442,-0.0691012713598045
2015-08-31,0.2803681617420926,0.993071179704125,-0.49235169048570876,-0.44523669677498634,0.24538996258621684,-0.25273416609429905,0.29030337571109593,-1.4403402325954604,0.02203870554781936
2015-09-30,-0.45314438266550516,-0.32279989122314107,-0.47770271832519756,-0.18915943503861324,1.8202162774088466,-0.715773911043526,0.0800603567677742,0.9622852940998337,-0.09304859120042201
2015-10-31,-0.19469070126239982,0.5758494022263047,0.019230131220032948,-0.26544170318083554,-0.3202135470490622,0.12440582965627818,0.35104927820692094,0.12627859598624458,-0.007379647681358788
2015-11-30,-0.42875366067555265,-0.1971262667404901,-1.3388372588563255,-0.7376311799494489,-0.16434640839374776,-0.004203042924052347,0.6896407628889275,0.26914523013430447,-0.07881765747732132
2015-12-31,-0.11312766873607441,0.7564436468030693,1.6185207360133136,-0.39977488192196126,-0.4215148063960533,1.0453060895423119,1.0242375252495706,0.09834084706610569,-0.0014477931338185061
2016-01-31,-0.5869562382514096,0.13803587332376605,-1.8530263250785097,0.14984168558393726,-0.757973640971133,-0.8848879657587634,0.7569700216867474,0.5777312871214605,-0.20221676954654072
2016-02-29,-0.46261019124493286,0.8997358793932327,1.5109784976011378,0.7127449783747147,1.630201996667325,-0.17704924486541296,0.3277895226489747,0.4841161620856114,-0.09900236926147547
2016-03-31,-0.027045325219385328,1.069643342042836,0.4038491602474904,0.2940936375809067,0.7683652947221445,-0.5115759907246717,0.32868294982375884,1.0062479663409802,-1.978229275232723e-05
2016-04-30,-0.2905280195839584,-0.30567085798516397,-0.6566576710760103,-1.4173062599981978,-0.3639563794701434,0.7440349411043701,-0.29794247592532996,-0.5202863071428084,-0.024522462048319545
2016-05-31,0.0684503742832104,0.6822814800195249,0.5200958085455303,-1.4283961653504003,-0.6412815468733916,0.15167400804708622,1.0774958525657863,0.07387605348351847,0.00032072106215623615
2016-06-30,-0.556735782828008,-0.5746901381441427,-0.3589581672313974,-1.0534839573931036,1.1427823149718181,0.037599935019857186,0.074525093705635,-0.23102800560879924,-0.1725628902950778
2016-07-31,0.06361377616309491,0.9896321247033679,0.4288805776005306,-0.928705166370787,-0.7035386154852473,-0.29210118935736223,1.1791721976664211,0.2489042911812788,0.000257426664299165
2016-08-31,-0.6613052665596592,-0.30183974860832075,-0.46223760544564796,-0.6129275709763242,0.7559114202020999,-0.03283026729255421,-0.029617394150109812,-0.34295873976622465,-0.2892050979311401
2016-09-30,-0.4926414895572947,0.15112197453333887,-0.11202070572933978,-0.3554949256512841,1.645500299386035,-0.8331645890331235,-0.316296307423817,-0.08747137864809984,-0.11956194023563531
2016-10-31,-0.46402316842090324,0.4980635064703461,0.39312791729565333,-1.2141753797724328,-0.6667967594115283,0.618388459280455,0.7668509932780426,1.0524569332789906,-0.09991230895224461
2016-11-30,-0.6395327567084782,-0.16180938563427577,-1.5576034470554463,-1.0401873603395757,0.4479060341642451,-0.3372242380578509,-0.3124466197162141,-0.33227350123315896,-0.26157027050865467
2016-12-31,-0.02500408819901846,1.4263641081399212,1.979980808546254,-1.3382415304047695,-0.27415286813432693,0.3297882180599529,0.9768896128650192,1.4189972017709884,-1.5632666626730778e-05
2017-01-31,-1.0187698169379606,-0.32321133181376743,-2.420101303228207,-0.911359689299283,-0.32165661975803683,-0.8159372816925077,-0.8421324164881071,-0.6356802829028362,-1.057372981617185
2017-02-28,-0.5634740971967434,0.9746336881106924,1.9598881916296786,-0.07335550697862757,0.9729202333574997,0.10809339222576834,-0.8159708842980893,-0.5518349838326749,-0.17890474908303425
2017-03-31,-0.8999453563759549,-0.0002189453621782374,-0.15696290055052056,-0.4124722604048818,2.2782443892767072,0.7606831059263638,0.1881831728818724,0.49052460772970824,-0.7288672240554064
2017-04-30,-0.8320345739568145,0.8039584226878516,0.4429167211548648,-1.2516635644891112,-2.162975486960539,0.6126521080052364,-0.10181849628922107,-0.3785126100393789,-0.5760021697517019
2017-05-31,-0.6634829550683349,0.22307536775693906,-0.8195195060797195,-0.7589102419180277,0.9504585093443493,0.4527463260674223,-0.12499703863794719,-0.11815903820462538,-0.2920715872674403
2017-06-30,-0.6769007373333712,0.6136537432174338,0.4952339043631912,-1.0968389799707587,-0.06508055793508884,0.46977583869879885,0.5123102767497781,0.031336500637310874,-0.31015226813442137
2017-07-31,-0.9183745623301693,0.6930328695175992,0.29298058401100946,-1.0053771795016508,-0.4723356869502944,-0.4261633438453192,0.00157714847077196,0.5183786258827144,-0.7745679764257093
2017-08-31,-0.98099281645658,0.21987042206132357,-0.4520126780131744,-0.4320376830835814,1.0528492776442868,-0.2852481700088454,-0.2860089282873827,-0.40746276308987106,-0.9440554016657804
2017-09-30,-0.8102888804604657,0.5638322473463975,-0.14424823082510102,-0.42422858611380787,1.0690186132522863,-0.4475352263663694,-0.41806567609204254,0.4481794735580645,-0.5320098062226088
2017-10-31,-0.42632354724871646,0.9081839899493637,-0.7475221764171762,-1.2934651449302108,-0.34069093462113975,0.5501060964379471,0.48134612927299036,-0.4135603389480111,-0.07748505800004075
2017-11-30,-1.4731460328369557,-0.7417726615410001,-0.18346801823513845,-0.7684507433046811,0.6203581103783538,0.20821452137688815,-0.17539340970712644,0.14242174647063308,-3.196961466284779
2017-12-31,-0.6199564731247084,1.5230574249661182,1.601195742963415,-1.531986778366681,-0.4511762140210963,0.17942912405434666,0.7367114543565181,0.08223559018306136,-0.23827780833126652
2018-01-31,-0.5853219949337366,0.2971027909643521,-2.532222424990105,-1.184328202775756,-0.2048735827120242,-1.069075707387851,-1.0452808158494162,0.9344406711867763,-0.20053239114167276
2018-02-28,-0.33191198194795596,1.689580872820378,1.3662576300623808,-0.07211723388135732,1.7096364018825647,0.4342776563578664,-0.08927614452923532,-0.7514632514647666,-0.03656527061020138
2018-03-31,-0.7431351667885863,0.3973820920239871,0.25461275833917113,-0.6843998608022971,1.2580122718488307,-0.47644162116733174,-0.0478560098530449,0.9866704903116533,-0.4103963037978517
2018-04-30,-0.3176109029198585,0.7166009224479959,-0.4865774326236387,-1.2521067619880155,-0.6729770581671369,1.50747520521674,-0.43364566141245264,-0.4038192588523778,-0.0320395352139924
2018-05-31,-0.993606776442473,0.4225109793945394,0.9001045900662574,-1.0225866490420454,-0.2957927129487233,0.03375391294555919,-0.32552569684351823,-0.17205118972482245,-0.9809426879375963
2018-06-30,-0.4784087958294823,0.06229776979328236,-0.9252616748268183,-1.1351645878645864,0.8856465312534684,0.27484347446262347,0.10597155818182621,-0.026934835411378664,-0.10949580162874514
2018-07-31,-0.10204690542673822,1.375134513666784,0.10896731484613646,-1.1406984651182053,0.20020617919893655,0.3779867677302115,0.4750644541227579,0.4555554272000556,-0.0010626726855189825
2018-08-31,-0.5701800991663741,0.03770318763056785,-0.5005147186922435,-0.7550317417804243,0.91206725710907,-0.757105772440964,-0.5081874324210117,-0.2409801065198083,-0.18536859812837014
2018-09-30,-0.37303617024475005,0.5595991065009301,-0.15491233932848833,-0.4722646703664636,1.1312855049543071,-0.5322677279985836,-0.5872447790280575,0.009677129991211104,-0.05191021545396552
2018-10-31,-0.13662836166793904,0.5543611816463843,-0.36979138469783485,-0.7240270657385741,0.3531210713988966,1.1570956304680475,0.492444881865223,0.46754587200721903,-0.002550483874393288
2018-11-30,-0.1406187871011413,0.19654605067132755,-1.9267397033771274,-0.9556677969194879,0.4462118105022755,0.14800375526232962,0.08984731583354252,-0.11284249359742715,-0.002780545735419275
2018-12-31,-0.048275283903694975,1.2015934192330044,1.7081582700175169,-0.9301850594134332,-0.4757002792881123,0.7305306592966242,0.8099630337796341,-0.09405634273172207,-0.00011250569570047106
2019-01-31,-0.6462090763606457,-0.533790531427027,-1.2466701856114095,-1.1134178377773776,0.1909525203035423,-0.5272207902226941,0.4753177490602976,1.7458870127282764,-0.26984797345634487
2019-02-28,0.1332365766219727,1.1213523155071377,1.3608633181207967,0.2561403572292366,1.2754608431335888,-0.2868791629187608,-0.21926730721737048,-0.6389281701916936,0.0023652137562697904
2019-03-31,-0.3541171628880168,-0.2887045384969467,-0.005985171650494357,-0.30256352347448506,0.5737429555386294,-0.015403619663911424,0.6826107044082327,0.615247199097412,-0.044405925733257606
2019-04-30,0.5959290373101106,0.9766938938199549,0.6560011052694035,-1.058381487519317,-0.4383269368164442,0.4405791154369906,-0.5354539595353738,-0.10130219979391657,0.211633123754925
2019-05-31,0.21956823359533262,-0.29686080906765644,-1.0674576785418453,-0.6150808660220028,0.4542445302285083,0.7505731389010742,-0.01382705073163493,-0.9966090926467067,0.010585430476222053
2019-06-30,0.6570774441559524,0.42258113619939397,0.4134088934317157,-0.9303182486464768,-0.2113335009963849,1.069634258852624,1.2669826172536591,0.0042061799255447745,0.2836936908991468
2019-07-31,0.3930511550001081,-0.5205367519295269,-0.12003770909236339,-0.8437521292049006,0.6625240323735496,-0.6389873793049594,0.8133645863693498,0.7073759434290714,0.06072216260121629
2019-08-31,0.48538978994554055,-0.019637266461057186,-0.6372356146398558,-0.8532269177643012,0.46638146537304587,0.12777303039887317,0.3353619246481272,-1.2072658048947067,0.11435941114621592
2019-09-30,0.4944794313343123,-0.5192402947194384,0.35864925403551884,-0.48152810997748446,1.6258123748661288,-0.745380342251675,0.18812878077470452,0.6211619707791348,0.12090512026972733
2019-10-31,0.4250148083823719,-0.05881894100045742,-0.14716013826172958,-0.4405469096577711,0.01086431415693965,0.7389256478823748,0.12557247915429545,0.46331132732479824,0.07677364957179345
2019-11-30,0.2473605813942667,-0.7349010218867766,-0.7006322352592667,-0.8883280383103387,-0.17642978855798902,-0.00437892364370194,0.16385512102370312,0.6087864179980931,0.015135315521766803
2019-12-31,1.464376292982842,1.1901938940599286,1.2564416702037504,-1.0606690654468856,-0.1385668336393047,0.4572122185978351,0.5065527959113052,0.7422630599560406,3.1402054876795704
2020-01-31,-0.7278535309483092,-2.211176572357828,-0.9757112421996781,-1.7232855887496055,-0.6798909012011433,-0.6336834133292714,-0.10308373784820932,-0.4807766007177092,-0.3855955200889358
2020-02-29,0.25926628153515924,-0.5330864655852694,1.9506597794625444,-0.5044466656511533,1.4348286928772305,0.3720268046046296,0.38359145544130024,-1.928534173333074,0.017427621407711057
2020-03-31,2.830224200815717,1.6083710051465057,-2.077655315861537,-1.4873886590575138,2.605611087818757,0.004112331117862446,1.2669013778993703,-1.0009427947736818,22.670574232508642
2020-04-30,8.555744171527518,3.2854187785281748,-1.49914102449278,-2.9243211852014435,-0.0576466537931546,2.0119389467644893,-4.307495616187441,-0.1808794184042164,626.2869614215457
2020-05-31,1.559126075219009,-5.2904370484468535,1.6958641487971509,-1.45530330432413,0.9656481790210523,4.1514026976669385,-3.0466210085363468,2.5960145015594045,3.7900392236158527
2020-06-30,0.22586715953158445,-4.57657583201211,3.0548596529499603,-1.7062314706990753,-0.5343198272968128,0.8942216069644627,-3.6940799293898983,0.900546736305939,0.011522833082749494
2020-07-31,-1.1064055409102287,-1.7107032276793335,-0.7186379658605532,-1.0558189531213118,-0.6652550139726919,1.4032620012341215,5.627111050877002,-0.18164982021901122,-1.3543877784789504
2020-08-31,-0.7240792231287789,0.3712267237566188,0.789843055510524,-0.9127310610209238,-0.08635411978265765,-2.9289601927694138,1.2615436338059245,-3.18851199845885,-0.37962801822088227
2020-09-30,-1.431207608449931,-0.7275100614776998,0.06327080206320257,-0.23332589322261546,1.597741068423252,-0.9995977082195323,1.7768988542493465,-1.3788281572456336,-2.9316215735038114
2020-10-31,-1.1758929538773026,-0.595980382555928,0.8340398977693892,-1.3899634885445904,-0.40903171831667284,-0.4240541048770207,0.29320106507173394,0.8898789046096526,-1.6259356897699246
2020-11-30,-0.7366961258306932,-0.5124757157775053,-0.7324342832476752,-1.2835496177928698,-0.09780655788407741,-0.09297708287024153,0.3662034916203622,-0.7116702338988015,-0.39982059204859416
2020-12-31,-0.27914685990727306,1.0179178245378582,1.6981792993533273,-1.1443241792471053,-0.9134272385033781,-0.521352134939701,0.3446904117548623,-0.9560337620015014,-0.021751952221569264
2021-01-31,1.097554436115865,-0.5334878659606367,1.0494061992105148,-3.3547677953243955,-0.1766425876740919,-5.89540483925842,-4.100584561957409,-5.129849870750422,1.322142325057151
2021-02-28,0.48467631780065473,-1.6632384093992834,-0.18050127208626085,-3.3466959178544875,1.6217731843267633,3.086422040475585,1.4697839785129718,0.6791819811326884,0.11385586297065657
2021-03-31,-1.0566262058891644,-2.362012394889289,1.4264442646412108,-3.919565437262256,1.3171125370600478,0.6813769477936703,-0.1100288395107955,1.3594066382034997,-1.1796797727167423
2021-04-30,-0.7716679337080726,1.9358330957682903,-0.2752474938805072,-0.6587444993512956,-0.9486808702550985,-0.048862165852165705,-0.0016671708196788068,-2.51720994248804,-0.4595061847533391
2021-05-31,-1.2146162530848827,0.5813115925560344,0.16619371041802034,-1.011185369379885,-0.15223130634816634,0.9473647907087127,1.2125995617295768,0.675615195121702,-1.7919144213430596
2021-06-30,-1.3101213182736573,0.8042761482091839,0.04802221052797147,-1.016910548314495,1.0456181080564138,0.48737147477663945,0.6909459258009235,0.39687295609972206,-2.248715640712281
2021-07-31,-1.6689861216531237,1.7270880674691127,-0.2866720219501218,-0.750940898899593,-0.6661344667782415,-1.3781725029791518,1.5631691719418879,-0.8965687582853558,-4.648985333018978
2021-08-31,-0.7094816708431774,2.373907303389256,-1.2781341773665071,-0.9790080852973032,0.4538190459136961,0.1451547022125247,1.9258648104076754,0.1651343167595076,-0.3571277029335747
2021-09-30,-1.603967185419239,1.1994266454212008,-0.3163656599748952,-0.08997001427276453,2.148967879194701,-0.8651644072413186,0.5152254416625554,0.028429236284638223,-4.126543591546265
2021-10-31,-1.1845208745986775,0.5050080579511861,0.4156389340468443,-1.5344204824839247,-0.22344106241817538,-0.44572335961695164,-0.42000771835963546,2.3741263145320994,-1.6619890413798841
2021-11-30,-1.2496478547095802,0.389236293958236,-0.36040505573128423,-1.0584368417730519,0.8633498842026347,0.43249237770732696,0.14513001421901217,-0.10440908725155054,-1.9514747839311346
2021-12-31,-0.8465659163757132,1.2940965237785462,0.0054776830725494835,-1.4824237408194347,0.019228130225404833,0.2892735070537082,-0.30452682752314136,-0.6236514829490702,-0.6067116552188129
2022-01-31,-0.951805874504371,0.8300097924689265,0.22616266240499175,-2.6759815352486847,-2.180106955809347,-3.2532168218513617,-0.7066567412558563,3.464255888280349,-0.8622737054806391
2022-02-28,-1.2240945222493067,1.07950953981929,0.14360102151913737,0.2824718134599437,2.5651998972249395,1.7835039163039434,-0.5879465326489988,-1.789088863212396,-1.8341922897042975
2022-03-31,0.5887096583326776,2.4176099596622036,0.5511302591097726,-1.6676742950759802,1.4951347404696738,-2.3678711071477028,-0.3864000797917164,3.5960200056811953,0.20403444106588473
2022-04-30,-0.4895532741894244,1.1141943788541524,-1.4113727132263438,-0.8426898794877725,-1.9011304082446345,1.250331586997457,-1.6072412900955293,-2.4377736898888864,-0.11732751666849829
2022-05-31,-0.4697746577826924,0.823256493180598,-0.3770620234192881,0.4274622069124885,2.0586308348004394,2.589551493757223,-0.8332074043292634,-1.3842622671282125,-0.10367373729969959
2022-06-30,-0.35157462443776055,0.28894169784463336,-1.5487172498276693,-0.4381409853562884,-0.1026666973701388,2.446093539904041,-1.2546830190030174,-0.5519144253942476,-0.04345628179929315
2022-07-31,0.16750450436750386,0.9658908468899886,0.4658982630100758,-0.871670077076624,0.21647013930775166,-0.8063775179631253,-0.014057003622701073,1.3585482797673416,0.004699801012177819
