observation_date,BSPRFT02DEM460S
1959-12-01,22.54
1960-01-01,23.51
1960-02-01,22.27
1960-03-01,19.82
1960-04-01,18.34
1960-05-01,18.70
1960-06-01,17.46
1960-07-01,18.27
1960-08-01,25.47
1960-09-01,20.19
1960-10-01,19.28
1960-11-01,18.64
1960-12-01,14.42
1961-01-01,13.34
1961-02-01,13.18
1961-03-01,11.77
1961-04-01,10.35
1961-05-01,9.77
1961-06-01,6.34
1961-07-01,14.23
1961-08-01,16.46
1961-09-01,11.60
1961-10-01,10.50
1961-11-01,10.96
1961-12-01,12.99
1962-01-01,10.16
1962-02-01,10.97
1962-03-01,12.61
1962-04-01,15.27
1962-05-01,13.88
1962-06-01,11.07
1962-07-01,9.01
1962-08-01,7.45
1962-09-01,11.24
1962-10-01,14.93
1962-11-01,10.63
1962-12-01,7.39
1963-01-01,12.03
1963-02-01,7.71
1963-03-01,8.40
1963-04-01,6.10
1963-05-01,7.77
1963-06-01,10.74
1963-07-01,9.66
1963-08-01,9.41
1963-09-01,8.99
1963-10-01,11.48
1963-11-01,10.39
1963-12-01,13.09
1964-01-01,13.94
1964-02-01,14.33
1964-03-01,13.13
1964-04-01,16.16
1964-05-01,11.62
1964-06-01,11.27
1964-07-01,12.10
1964-08-01,14.45
1964-09-01,13.77
1964-10-01,14.78
1964-11-01,17.20
1964-12-01,18.99
1965-01-01,17.11
1965-02-01,16.85
1965-03-01,14.98
1965-04-01,14.20
1965-05-01,12.36
1965-06-01,11.78
1965-07-01,12.83
1965-08-01,12.40
1965-09-01,12.43
1965-10-01,9.80
1965-11-01,8.48
1965-12-01,8.01
1966-01-01,7.48
1966-02-01,5.35
1966-03-01,5.89
1966-04-01,3.27
1966-05-01,3.29
1966-06-01,-0.61
1966-07-01,-3.06
1966-08-01,-6.61
1966-09-01,-14.99
1966-10-01,-19.47
1966-11-01,-31.50
1966-12-01,-26.31
1967-01-01,-16.10
1967-02-01,-14.04
1967-03-01,-12.11
1967-04-01,-9.83
1967-05-01,-5.68
1967-06-01,-2.81
1967-07-01,3.40
1967-08-01,4.65
1967-09-01,9.55
1967-10-01,13.48
1967-11-01,13.27
1967-12-01,13.17
1968-01-01,12.85
1968-02-01,11.51
1968-03-01,16.76
1968-04-01,19.17
1968-05-01,21.40
1968-06-01,25.10
1968-07-01,21.93
1968-08-01,26.37
1968-09-01,26.24
1968-10-01,28.58
1968-11-01,28.99
1968-12-01,25.34
1969-01-01,24.33
1969-02-01,23.99
1969-03-01,23.48
1969-04-01,23.01
1969-05-01,20.57
1969-06-01,19.87
1969-07-01,18.66
1969-08-01,23.16
1969-09-01,21.18
1969-10-01,23.19
1969-11-01,20.78
1969-12-01,21.58
1970-01-01,16.43
1970-02-01,14.42
1970-03-01,9.94
1970-04-01,8.92
1970-05-01,0.64
1970-06-01,2.75
1970-07-01,6.24
1970-08-01,2.86
1970-09-01,4.13
1970-10-01,-1.01
1970-11-01,-1.14
1970-12-01,0.26
1971-01-01,-0.60
1971-02-01,4.97
1971-03-01,-2.82
1971-04-01,-6.20
1971-05-01,-2.38
1971-06-01,1.66
1971-07-01,-6.67
1971-08-01,-12.62
1971-09-01,-19.00
1971-10-01,-17.35
1971-11-01,-4.83
1971-12-01,-2.56
1972-01-01,0.47
1972-02-01,1.59
1972-03-01,4.41
1972-04-01,6.76
1972-05-01,6.62
1972-06-01,11.90
1972-07-01,8.04
1972-08-01,13.80
1972-09-01,13.52
1972-10-01,16.78
1972-11-01,18.17
1972-12-01,18.92
1973-01-01,18.01
1973-02-01,16.54
1973-03-01,13.98
1973-04-01,10.73
1973-05-01,11.05
1973-06-01,8.03
1973-07-01,5.92
1973-08-01,4.76
1973-09-01,0.69
1973-10-01,-16.93
1973-11-01,-17.21
1973-12-01,-12.74
1974-01-01,-7.95
1974-02-01,-10.21
1974-03-01,-8.91
1974-04-01,-11.19
1974-05-01,-11.44
1974-06-01,-15.50
1974-07-01,-16.01
1974-08-01,-21.57
1974-09-01,-25.89
1974-10-01,-24.08
1974-11-01,-26.91
1974-12-01,-28.57
1975-01-01,-22.68
1975-02-01,-19.52
1975-03-01,-17.22
1975-04-01,-14.00
1975-05-01,-13.90
1975-06-01,-10.17
1975-07-01,-1.73
1975-08-01,0.98
1975-09-01,7.32
1975-10-01,9.42
1975-11-01,15.35
1975-12-01,14.55
1976-01-01,12.67
1976-02-01,11.33
1976-03-01,9.85
1976-04-01,8.37
1976-05-01,6.17
1976-06-01,10.15
1976-07-01,5.68
1976-08-01,3.78
1976-09-01,0.13
1976-10-01,0.26
1976-11-01,-2.41
1976-12-01,-2.21
1977-01-01,-6.00
1977-02-01,-9.93
1977-03-01,-5.18
1977-04-01,-4.26
1977-05-01,-4.96
1977-06-01,-8.01
1977-07-01,-7.65
1977-08-01,-6.39
1977-09-01,-3.71
1977-10-01,-5.59
1977-11-01,-4.97
1977-12-01,-3.76
1978-01-01,-2.76
1978-02-01,-5.57
1978-03-01,-4.69
1978-04-01,-2.06
1978-05-01,0.56
1978-06-01,5.03
1978-07-01,2.87
1978-08-01,7.74
1978-09-01,5.49
1978-10-01,10.33
1978-11-01,12.76
1978-12-01,5.75
1979-01-01,7.37
1979-02-01,5.23
1979-03-01,5.22
1979-04-01,5.98
1979-05-01,9.06
1979-06-01,6.02
1979-07-01,9.27
1979-08-01,0.26
1979-09-01,4.39
1979-10-01,0.66
1979-11-01,-2.28
1979-12-01,-1.95
1980-01-01,-3.80
1980-02-01,-2.43
1980-03-01,-5.34
1980-04-01,-8.13
1980-05-01,-17.29
1980-06-01,-13.61
1980-07-01,-14.49
1980-08-01,-7.83
1980-09-01,-15.65
1980-10-01,-16.63
1980-11-01,-15.29
1980-12-01,-24.00
1981-01-01,-18.10
1981-02-01,-17.80
1981-03-01,-14.10
1981-04-01,-15.30
1981-05-01,-14.90
1981-06-01,-13.10
1981-07-01,-10.80
1981-08-01,-11.00
1981-09-01,-6.80
1981-10-01,-11.80
1981-11-01,-12.70
1981-12-01,-15.00
1982-01-01,-15.20
1982-02-01,-11.50
1982-03-01,-14.40
1982-04-01,-18.10
1982-05-01,-17.10
1982-06-01,-21.30
1982-07-01,-28.00
1982-08-01,-29.80
1982-09-01,-25.30
1982-10-01,-23.30
1982-11-01,-16.80
1982-12-01,-7.30
1983-01-01,0.70
1983-02-01,5.30
1983-03-01,2.90
1983-04-01,2.60
1983-05-01,0.90
1983-06-01,1.40
1983-07-01,3.00
1983-08-01,4.20
1983-09-01,6.10
1983-10-01,6.50
1983-11-01,9.90
1983-12-01,5.10
1984-01-01,6.60
1984-02-01,4.30
1984-03-01,2.60
1984-04-01,1.80
1984-05-01,6.50
1984-06-01,6.60
1984-07-01,9.00
1984-08-01,3.10
1984-09-01,3.90
1984-10-01,3.70
1984-11-01,2.10
1984-12-01,4.80
1985-01-01,5.80
1985-02-01,5.40
1985-03-01,4.50
1985-04-01,6.50
1985-05-01,7.80
1985-06-01,4.40
1985-07-01,1.60
1985-08-01,3.80
1985-09-01,3.70
1985-10-01,6.90
1985-11-01,5.60
1985-12-01,9.40
1986-01-01,7.90
1986-02-01,3.80
1986-03-01,3.90
1986-04-01,2.70
1986-05-01,3.80
1986-06-01,2.30
1986-07-01,3.40
1986-08-01,3.60
1986-09-01,3.30
1986-10-01,0.70
1986-11-01,1.40
1986-12-01,2.70
1987-01-01,-1.80
1987-02-01,-3.80
1987-03-01,-1.80
1987-04-01,-1.10
1987-05-01,-2.30
1987-06-01,-0.90
1987-07-01,1.30
1987-08-01,3.30
1987-09-01,5.00
1987-10-01,5.50
1987-11-01,3.30
1987-12-01,-3.00
1988-01-01,0.40
1988-02-01,4.40
1988-03-01,4.40
1988-04-01,7.00
1988-05-01,6.70
1988-06-01,7.90
1988-07-01,6.20
1988-08-01,7.20
1988-09-01,8.80
1988-10-01,10.40
1988-11-01,10.20
1988-12-01,8.10
1989-01-01,9.50
1989-02-01,8.60
1989-03-01,9.70
1989-04-01,9.20
1989-05-01,13.60
1989-06-01,12.70
1989-07-01,11.00
1989-08-01,11.10
1989-09-01,11.70
1989-10-01,13.40
1989-11-01,15.10
1989-12-01,13.10
1990-01-01,11.60
1990-02-01,9.80
1990-03-01,10.90
1990-04-01,13.40
1990-05-01,9.60
1990-06-01,10.60
1990-07-01,12.80
1990-08-01,9.90
1990-09-01,16.60
1990-10-01,13.50
1990-11-01,14.10
1990-12-01,14.10
1991-01-01,4.80
1991-02-01,5.50
1991-03-01,3.30
1991-04-01,3.90
1991-05-01,6.50
1991-06-01,5.60
1991-07-01,4.60
1991-08-01,3.50
1991-09-01,0.90
1991-10-01,4.40
1991-11-01,6.20
1991-12-01,2.90
1992-01-01,2.10
1992-02-01,0.40
1992-03-01,-0.60
1992-04-01,-1.70
1992-05-01,-1.70
1992-06-01,0.40
1992-07-01,0.20
1992-08-01,-8.30
1992-09-01,-15.00
1992-10-01,-24.60
1992-11-01,-26.00
1992-12-01,-24.80
1993-01-01,-19.60
1993-02-01,-20.00
1993-03-01,-18.60
1993-04-01,-18.70
1993-05-01,-16.10
1993-06-01,-12.00
1993-07-01,-12.20
1993-08-01,-9.30
1993-09-01,-9.10
1993-10-01,-4.30
1993-11-01,-1.90
1993-12-01,-2.10
1994-01-01,-0.60
1994-02-01,3.10
1994-03-01,4.80
1994-04-01,8.70
1994-05-01,10.00
1994-06-01,10.10
1994-07-01,9.30
1994-08-01,11.30
1994-09-01,12.80
1994-10-01,16.80
1994-11-01,16.90
1994-12-01,19.10
1995-01-01,16.80
1995-02-01,14.30
1995-03-01,12.00
1995-04-01,6.00
1995-05-01,5.70
1995-06-01,4.30
1995-07-01,2.10
1995-08-01,0.80
1995-09-01,1.30
1995-10-01,2.30
1995-11-01,0.60
1995-12-01,0.00
1996-01-01,-5.10
1996-02-01,-6.30
1996-03-01,-9.40
1996-04-01,-9.00
1996-05-01,-7.80
1996-06-01,-6.70
1996-07-01,-3.10
1996-08-01,-2.50
1996-09-01,-0.50
1996-10-01,2.00
1996-11-01,2.90
1996-12-01,4.30
1997-01-01,6.70
1997-02-01,5.30
1997-03-01,4.90
1997-04-01,4.70
1997-05-01,3.80
1997-06-01,5.70
1997-07-01,8.90
1997-08-01,11.20
1997-09-01,11.00
1997-10-01,9.80
1997-11-01,9.60
1997-12-01,13.00
1998-01-01,13.30
1998-02-01,9.80
1998-03-01,9.50
1998-04-01,9.60
1998-05-01,7.20
1998-06-01,5.20
1998-07-01,4.90
1998-08-01,5.60
1998-09-01,0.70
1998-10-01,-4.80
1998-11-01,-5.40
1998-12-01,-2.90
1999-01-01,-7.40
1999-02-01,-8.90
1999-03-01,-7.80
1999-04-01,-7.20
1999-05-01,-5.70
1999-06-01,-2.80
1999-07-01,-2.30
1999-08-01,0.80
1999-09-01,0.40
1999-10-01,3.60
1999-11-01,4.70
1999-12-01,8.90
2000-01-01,9.60
2000-02-01,10.80
2000-03-01,9.70
2000-04-01,9.60
2000-05-01,11.30
2000-06-01,10.10
2000-07-01,12.30
2000-08-01,12.50
2000-09-01,8.50
2000-10-01,9.90
2000-11-01,7.70
2000-12-01,7.10
2001-01-01,6.40
2001-02-01,0.40
2001-03-01,-1.70
2001-04-01,-7.50
2001-05-01,-9.10
2001-06-01,-10.60
2001-07-01,-6.20
2001-08-01,-8.90
2001-09-01,-17.60
2001-10-01,-19.60
2001-11-01,-17.30
2001-12-01,-8.10
2002-01-01,-13.80
2002-02-01,-8.10
2002-03-01,0.90
2002-04-01,2.10
2002-05-01,2.50
2002-06-01,2.90
2002-07-01,0.50
2002-08-01,-1.30
2002-09-01,-1.10
2002-10-01,-2.10
2002-11-01,-2.90
2002-12-01,-6.00
2003-01-01,-6.90
2003-02-01,-6.10
2003-03-01,-7.70
2003-04-01,-6.20
2003-05-01,-8.60
2003-06-01,-7.30
2003-07-01,-8.50
2003-08-01,-1.30
2003-09-01,5.40
2003-10-01,6.70
2003-11-01,7.10
2003-12-01,6.00
2004-01-01,8.80
2004-02-01,10.50
2004-03-01,8.30
2004-04-01,7.60
2004-05-01,6.40
2004-06-01,5.50
2004-07-01,5.10
2004-08-01,6.10
2004-09-01,6.90
2004-10-01,6.80
2004-11-01,4.30
2004-12-01,4.20
2005-01-01,3.00
2005-02-01,3.30
2005-03-01,0.80
2005-04-01,0.80
2005-05-01,-0.30
2005-06-01,1.10
2005-07-01,3.20
2005-08-01,4.90
2005-09-01,5.30
2005-10-01,7.90
2005-11-01,5.40
2005-12-01,7.10
2006-01-01,10.30
2006-02-01,10.80
2006-03-01,12.20
2006-04-01,13.00
2006-05-01,13.40
2006-06-01,9.70
2006-07-01,11.00
2006-08-01,11.50
2006-09-01,14.80
2006-10-01,14.90
2006-11-01,18.40
2006-12-01,13.20
2007-01-01,14.70
2007-02-01,10.80
2007-03-01,13.80
2007-04-01,13.70
2007-05-01,14.80
2007-06-01,16.10
2007-07-01,13.90
2007-08-01,12.20
2007-09-01,13.80
2007-10-01,13.70
2007-11-01,14.20
2007-12-01,13.20
2008-01-01,10.80
2008-02-01,9.70
2008-03-01,10.10
2008-04-01,8.10
2008-05-01,5.30
2008-06-01,1.60
2008-07-01,-2.00
2008-08-01,-7.20
2008-09-01,-8.30
2008-10-01,-20.60
2008-11-01,-34.90
2008-12-01,-42.80
2009-01-01,-41.40
2009-02-01,-38.70
2009-03-01,-36.10
2009-04-01,-28.00
2009-05-01,-22.60
2009-06-01,-15.00
2009-07-01,-9.60
2009-08-01,-1.80
2009-09-01,-1.10
2009-10-01,6.00
2009-11-01,5.40
2009-12-01,6.90
2010-01-01,6.60
2010-02-01,10.30
2010-03-01,13.30
2010-04-01,14.50
2010-05-01,17.90
2010-06-01,17.00
2010-07-01,19.10
2010-08-01,18.50
2010-09-01,20.30
2010-10-01,20.40
2010-11-01,21.40
2010-12-01,22.20
2011-01-01,18.50
2011-02-01,20.80
2011-03-01,17.90
2011-04-01,17.70
2011-05-01,16.00
2011-06-01,13.10
2011-07-01,11.20
2011-08-01,7.00
2011-09-01,4.80
2011-10-01,2.70
2011-11-01,1.20
2011-12-01,2.50
2012-01-01,4.20
2012-02-01,5.40
2012-03-01,1.90
2012-04-01,3.40
2012-05-01,0.90
2012-06-01,-0.40
2012-07-01,-5.40
2012-08-01,-6.20
2012-09-01,-9.10
2012-10-01,-10.20
2012-11-01,-6.40
2012-12-01,-3.10
2013-01-01,-0.50
2013-02-01,2.40
2013-03-01,3.40
2013-04-01,3.90
2013-05-01,1.70
2013-06-01,5.00
2013-07-01,4.30
2013-08-01,7.20
2013-09-01,8.80
2013-10-01,13.70
2013-11-01,13.10
2013-12-01,11.20
2014-01-01,10.70
2014-02-01,10.20
2014-03-01,10.40
2014-04-01,8.50
2014-05-01,9.70
2014-06-01,4.80
2014-07-01,8.10
2014-08-01,2.70
2014-09-01,2.10
2014-10-01,1.50
2014-11-01,3.10
2014-12-01,2.50
2015-01-01,4.60
2015-02-01,6.90
2015-03-01,9.90
2015-04-01,8.00
2015-05-01,8.70
2015-06-01,7.80
2015-07-01,7.60
2015-08-01,5.20
2015-09-01,9.30
2015-10-01,6.20
2015-11-01,7.00
2015-12-01,6.40
2016-01-01,3.00
2016-02-01,2.20
2016-03-01,2.60
2016-04-01,6.20
2016-05-01,4.20
2016-06-01,7.30
2016-07-01,5.90
2016-08-01,7.00
2016-09-01,7.90
2016-10-01,11.90
2016-11-01,11.40
2016-12-01,14.00
2017-01-01,12.00
2017-02-01,11.90
2017-03-01,15.40
2017-04-01,15.70
2017-05-01,18.00
2017-06-01,17.40
2017-07-01,20.50
2017-08-01,18.00
2017-09-01,20.30
2017-10-01,22.60
2017-11-01,21.50
2017-12-01,22.80
2018-01-01,21.40
2018-02-01,15.50
2018-03-01,15.00
2018-04-01,17.00
2018-05-01,12.20
2018-06-01,15.50
2018-07-01,14.50
2018-08-01,14.80
2018-09-01,16.10
2018-10-01,16.80
2018-11-01,16.00
2018-12-01,11.20
2019-01-01,9.80
2019-02-01,6.70
2019-03-01,1.10
2019-04-01,-1.00
2019-05-01,3.60
2019-06-01,-2.80
2019-07-01,-5.00
2019-08-01,-2.50
2019-09-01,-6.40
2019-10-01,-5.20
2019-11-01,-4.60
2019-12-01,-4.10
2020-01-01,2.30
2020-02-01,-0.30
2020-03-01,-22.50
2020-04-01,-51.40
2020-05-01,-18.70
2020-06-01,4.70
2020-07-01,13.50
2020-08-01,14.90
2020-09-01,20.60
2020-10-01,19.10
2020-11-01,8.70
2020-12-01,8.20
2021-01-01,11.50
2021-02-01,20.30
2021-03-01,25.00
2021-04-01,24.80
2021-05-01,22.20
2021-06-01,26.30
2021-07-01,24.90
2021-08-01,28.60
2021-09-01,31.00
2021-10-01,25.30
2021-11-01,23.40
2021-12-01,26.30
2022-01-01,26.10
2022-02-01,25.10
2022-03-01,2.80
2022-04-01,4.70
2022-05-01,9.90
2022-06-01,13.60
2022-07-01,3.80
2022-08-01,7.60
2022-09-01,0.40
2022-10-01,1.70
2022-11-01,5.40
2022-12-01,5.90
2023-01-01,12.40
2023-02-01,7.80
2023-03-01,2.80
2023-04-01,2.20
2023-05-01,-0.10
2023-06-01,-3.00
2023-07-01,-8.20
2023-08-01,-6.80
2023-09-01,-4.70
2023-10-01,-6.80
2023-11-01,-7.30
2023-12-01,-4.80
2024-01-01,-9.50
2024-02-01,-9.90
2024-03-01,-10.50
2024-04-01,-8.10
2024-05-01,-7.70
2024-06-01,-7.60
2024-07-01,-7.30
2024-08-01,-5.90
2024-09-01,-10.40
2024-10-01,-9.40
2024-11-01,-7.80
2024-12-01,-16.80
2025-01-01,-10.50
2025-02-01,-6.40
2025-03-01,-5.00
2025-04-01,-6.80
2025-05-01,-2.20
2025-06-01,-3.30
2025-07-01,2.50
2025-08-01,-3.40
2025-09-01,1.20
2025-10-01,2.10
2025-11-01,-2.20
2025-12-01,-3.50
2026-01-01,-2.30
2026-02-01,2.10
