observation_date,BSCICP02DEM460S
1962-12-01,-4.80
1963-01-01,-7.80
1963-02-01,-7.13
1963-03-01,-6.13
1963-04-01,-6.46
1963-05-01,-5.79
1963-06-01,-2.79
1963-07-01,-3.12
1963-08-01,-2.12
1963-09-01,-1.12
1963-10-01,-1.45
1963-11-01,-1.78
1963-12-01,1.89
1964-01-01,4.89
1964-02-01,6.22
1964-03-01,6.89
1964-04-01,9.56
1964-05-01,10.23
1964-06-01,9.90
1964-07-01,9.90
1964-08-01,11.90
1964-09-01,12.23
1964-10-01,11.56
1964-11-01,11.23
1964-12-01,11.56
1965-01-01,10.89
1965-02-01,9.56
1965-03-01,8.56
1965-04-01,7.23
1965-05-01,4.90
1965-06-01,2.57
1965-07-01,2.57
1965-08-01,2.57
1965-09-01,1.90
1965-10-01,-1.43
1965-11-01,-2.76
1965-12-01,-5.09
1966-01-01,-5.09
1966-02-01,-5.76
1966-03-01,-7.76
1966-04-01,-9.43
1966-05-01,-12.10
1966-06-01,-15.10
1966-07-01,-18.43
1966-08-01,-20.10
1966-09-01,-27.77
1966-10-01,-31.77
1966-11-01,-40.44
1966-12-01,-39.11
1967-01-01,-35.11
1967-02-01,-36.11
1967-03-01,-35.78
1967-04-01,-32.78
1967-05-01,-30.45
1967-06-01,-30.12
1967-07-01,-23.79
1967-08-01,-20.79
1967-09-01,-17.12
1967-10-01,-12.12
1967-11-01,-8.12
1967-12-01,-9.12
1968-01-01,-8.12
1968-02-01,-6.12
1968-03-01,-1.45
1968-04-01,1.55
1968-05-01,4.88
1968-06-01,8.55
1968-07-01,11.55
1968-08-01,16.22
1968-09-01,17.89
1968-10-01,17.89
1968-11-01,17.89
1968-12-01,18.89
1969-01-01,19.89
1969-02-01,20.56
1969-03-01,23.23
1969-04-01,25.23
1969-05-01,23.23
1969-06-01,22.90
1969-07-01,22.23
1969-08-01,24.90
1969-09-01,25.23
1969-10-01,23.56
1969-11-01,20.89
1969-12-01,19.22
1970-01-01,16.22
1970-02-01,14.89
1970-03-01,10.56
1970-04-01,7.89
1970-05-01,3.56
1970-06-01,3.23
1970-07-01,4.56
1970-08-01,2.56
1970-09-01,-1.11
1970-10-01,-6.44
1970-11-01,-8.77
1970-12-01,-6.10
1971-01-01,-9.10
1971-02-01,-4.77
1971-03-01,-9.44
1971-04-01,-12.11
1971-05-01,-12.78
1971-06-01,-11.78
1971-07-01,-16.45
1971-08-01,-21.12
1971-09-01,-25.45
1971-10-01,-25.45
1971-11-01,-22.45
1971-12-01,-19.12
1972-01-01,-15.45
1972-02-01,-14.12
1972-03-01,-12.12
1972-04-01,-12.45
1972-05-01,-12.78
1972-06-01,-9.45
1972-07-01,-9.45
1972-08-01,-7.12
1972-09-01,-5.12
1972-10-01,-2.12
1972-11-01,0.21
1972-12-01,2.88
1973-01-01,7.55
1973-02-01,7.88
1973-03-01,5.88
1973-04-01,7.55
1973-05-01,7.55
1973-06-01,3.88
1973-07-01,1.88
1973-08-01,-0.45
1973-09-01,-3.45
1973-10-01,-11.45
1973-11-01,-15.12
1973-12-01,-12.45
1974-01-01,-11.78
1974-02-01,-12.45
1974-03-01,-13.12
1974-04-01,-15.45
1974-05-01,-19.12
1974-06-01,-21.45
1974-07-01,-22.45
1974-08-01,-28.78
1974-09-01,-33.45
1974-10-01,-36.45
1974-11-01,-39.12
1974-12-01,-42.12
1975-01-01,-39.79
1975-02-01,-40.12
1975-03-01,-39.79
1975-04-01,-39.12
1975-05-01,-37.12
1975-06-01,-35.12
1975-07-01,-31.12
1975-08-01,-27.79
1975-09-01,-22.79
1975-10-01,-20.79
1975-11-01,-17.12
1975-12-01,-13.45
1976-01-01,-12.45
1976-02-01,-9.45
1976-03-01,-9.78
1976-04-01,-9.45
1976-05-01,-9.45
1976-06-01,-8.45
1976-07-01,-10.78
1976-08-01,-11.45
1976-09-01,-12.12
1976-10-01,-13.45
1976-11-01,-14.78
1976-12-01,-14.78
1977-01-01,-17.45
1977-02-01,-18.45
1977-03-01,-17.78
1977-04-01,-18.45
1977-05-01,-20.78
1977-06-01,-22.11
1977-07-01,-22.11
1977-08-01,-21.78
1977-09-01,-21.11
1977-10-01,-20.78
1977-11-01,-21.45
1977-12-01,-20.12
1978-01-01,-18.79
1978-02-01,-19.46
1978-03-01,-18.79
1978-04-01,-18.12
1978-05-01,-16.79
1978-06-01,-13.79
1978-07-01,-14.12
1978-08-01,-10.79
1978-09-01,-12.12
1978-10-01,-8.12
1978-11-01,-7.45
1978-12-01,-8.78
1979-01-01,-5.45
1979-02-01,-4.12
1979-03-01,-2.79
1979-04-01,0.54
1979-05-01,3.21
1979-06-01,1.21
1979-07-01,1.21
1979-08-01,-3.79
1979-09-01,-2.12
1979-10-01,-4.45
1979-11-01,-5.78
1979-12-01,-4.78
1980-01-01,-4.78
1980-02-01,-5.11
1980-03-01,-7.11
1980-04-01,-10.44
1980-05-01,-17.77
1980-06-01,-18.10
1980-07-01,-22.77
1980-08-01,-20.77
1980-09-01,-23.44
1980-10-01,-27.44
1980-11-01,-26.11
1980-12-01,-30.11
1981-01-01,-27.44
1981-02-01,-26.77
1981-03-01,-26.10
1981-04-01,-27.43
1981-05-01,-27.43
1981-06-01,-27.10
1981-07-01,-25.43
1981-08-01,-25.76
1981-09-01,-24.76
1981-10-01,-27.43
1981-11-01,-26.76
1981-12-01,-28.43
1982-01-01,-26.76
1982-02-01,-25.76
1982-03-01,-27.76
1982-04-01,-30.09
1982-05-01,-31.42
1982-06-01,-33.42
1982-07-01,-38.09
1982-08-01,-39.09
1982-09-01,-39.09
1982-10-01,-36.42
1982-11-01,-33.42
1982-12-01,-25.75
1983-01-01,-23.08
1983-02-01,-18.08
1983-03-01,-15.41
1983-04-01,-16.41
1983-05-01,-15.74
1983-06-01,-16.41
1983-07-01,-14.41
1983-08-01,-12.41
1983-09-01,-11.74
1983-10-01,-10.74
1983-11-01,-9.07
1983-12-01,-8.74
1984-01-01,-7.07
1984-02-01,-7.40
1984-03-01,-8.73
1984-04-01,-8.40
1984-05-01,-7.40
1984-06-01,-6.07
1984-07-01,-6.40
1984-08-01,-7.73
1984-09-01,-7.06
1984-10-01,-7.06
1984-11-01,-8.06
1984-12-01,-4.73
1985-01-01,-4.70
1985-02-01,-5.30
1985-03-01,-5.30
1985-04-01,-4.60
1985-05-01,-2.90
1985-06-01,-4.90
1985-07-01,-5.50
1985-08-01,-3.90
1985-09-01,-3.50
1985-10-01,-1.80
1985-11-01,-1.80
1985-12-01,-2.20
1986-01-01,-2.30
1986-02-01,-3.80
1986-03-01,-5.50
1986-04-01,-4.90
1986-05-01,-5.90
1986-06-01,-5.00
1986-07-01,-4.60
1986-08-01,-6.40
1986-09-01,-7.30
1986-10-01,-9.20
1986-11-01,-7.90
1986-12-01,-8.10
1987-01-01,-11.60
1987-02-01,-13.00
1987-03-01,-11.40
1987-04-01,-10.50
1987-05-01,-10.90
1987-06-01,-11.10
1987-07-01,-9.70
1987-08-01,-7.80
1987-09-01,-7.40
1987-10-01,-6.60
1987-11-01,-7.20
1987-12-01,-9.40
1988-01-01,-8.80
1988-02-01,-6.60
1988-03-01,-4.30
1988-04-01,-3.40
1988-05-01,-2.90
1988-06-01,0.20
1988-07-01,-0.40
1988-08-01,1.20
1988-09-01,1.90
1988-10-01,2.30
1988-11-01,2.70
1988-12-01,2.30
1989-01-01,2.50
1989-02-01,3.10
1989-03-01,4.50
1989-04-01,4.00
1989-05-01,6.40
1989-06-01,6.80
1989-07-01,5.90
1989-08-01,5.80
1989-09-01,5.50
1989-10-01,6.70
1989-11-01,8.00
1989-12-01,7.30
1990-01-01,6.90
1990-02-01,6.20
1990-03-01,9.20
1990-04-01,9.70
1990-05-01,8.80
1990-06-01,8.40
1990-07-01,11.20
1990-08-01,10.70
1990-09-01,13.10
1990-10-01,11.70
1990-11-01,11.70
1990-12-01,9.40
1991-01-01,-0.70
1991-02-01,-2.20
1991-03-01,-5.60
1991-04-01,-6.70
1991-05-01,-7.40
1991-06-01,-7.10
1991-07-01,-8.80
1991-08-01,-10.40
1991-09-01,-11.70
1991-10-01,-11.00
1991-11-01,-11.90
1991-12-01,-12.90
1992-01-01,-12.70
1992-02-01,-14.80
1992-03-01,-15.10
1992-04-01,-16.80
1992-05-01,-17.60
1992-06-01,-17.90
1992-07-01,-18.60
1992-08-01,-24.10
1992-09-01,-27.60
1992-10-01,-34.00
1992-11-01,-37.10
1992-12-01,-35.70
1993-01-01,-35.00
1993-02-01,-37.00
1993-03-01,-36.10
1993-04-01,-37.00
1993-05-01,-36.60
1993-06-01,-33.90
1993-07-01,-35.50
1993-08-01,-32.50
1993-09-01,-31.80
1993-10-01,-29.40
1993-11-01,-27.00
1993-12-01,-26.80
1994-01-01,-24.40
1994-02-01,-21.90
1994-03-01,-19.80
1994-04-01,-16.50
1994-05-01,-15.00
1994-06-01,-13.00
1994-07-01,-12.00
1994-08-01,-10.10
1994-09-01,-7.00
1994-10-01,-4.00
1994-11-01,-2.80
1994-12-01,-1.50
1995-01-01,-1.90
1995-02-01,-1.40
1995-03-01,-2.40
1995-04-01,-6.00
1995-05-01,-5.50
1995-06-01,-7.00
1995-07-01,-9.20
1995-08-01,-9.90
1995-09-01,-12.30
1995-10-01,-11.50
1995-11-01,-12.20
1995-12-01,-14.60
1996-01-01,-17.40
1996-02-01,-20.40
1996-03-01,-22.60
1996-04-01,-22.40
1996-05-01,-21.60
1996-06-01,-21.90
1996-07-01,-20.10
1996-08-01,-19.10
1996-09-01,-17.70
1996-10-01,-15.20
1996-11-01,-15.80
1996-12-01,-15.30
1997-01-01,-12.40
1997-02-01,-11.50
1997-03-01,-10.50
1997-04-01,-9.10
1997-05-01,-9.80
1997-06-01,-7.30
1997-07-01,-5.20
1997-08-01,-4.60
1997-09-01,-2.70
1997-10-01,-2.00
1997-11-01,-2.10
1997-12-01,-0.30
1998-01-01,0.20
1998-02-01,-1.40
1998-03-01,0.50
1998-04-01,-1.40
1998-05-01,-3.00
1998-06-01,-3.20
1998-07-01,-4.40
1998-08-01,-5.80
1998-09-01,-7.80
1998-10-01,-11.40
1998-11-01,-12.10
1998-12-01,-12.60
1999-01-01,-14.70
1999-02-01,-17.10
1999-03-01,-17.30
1999-04-01,-17.60
1999-05-01,-17.90
1999-06-01,-15.70
1999-07-01,-14.80
1999-08-01,-12.50
1999-09-01,-11.30
1999-10-01,-9.70
1999-11-01,-7.90
1999-12-01,-4.90
2000-01-01,-5.10
2000-02-01,-3.10
2000-03-01,-1.50
2000-04-01,-1.20
2000-05-01,0.10
2000-06-01,-0.50
2000-07-01,0.40
2000-08-01,1.70
2000-09-01,0.60
2000-10-01,1.50
2000-11-01,0.50
2000-12-01,-0.70
2001-01-01,-1.40
2001-02-01,-4.70
2001-03-01,-7.40
2001-04-01,-11.60
2001-05-01,-12.70
2001-06-01,-15.60
2001-07-01,-13.80
2001-08-01,-16.20
2001-09-01,-20.60
2001-10-01,-23.40
2001-11-01,-23.30
2001-12-01,-19.50
2002-01-01,-21.70
2002-02-01,-19.00
2002-03-01,-16.50
2002-04-01,-16.00
2002-05-01,-14.60
2002-06-01,-14.90
2002-07-01,-15.10
2002-08-01,-16.30
2002-09-01,-16.80
2002-10-01,-16.00
2002-11-01,-15.40
2002-12-01,-16.90
2003-01-01,-17.80
2003-02-01,-16.10
2003-03-01,-17.70
2003-04-01,-18.10
2003-05-01,-18.80
2003-06-01,-18.60
2003-07-01,-19.40
2003-08-01,-16.00
2003-09-01,-13.90
2003-10-01,-12.50
2003-11-01,-10.50
2003-12-01,-11.50
2004-01-01,-9.60
2004-02-01,-9.10
2004-03-01,-9.50
2004-04-01,-7.40
2004-05-01,-7.40
2004-06-01,-8.20
2004-07-01,-6.30
2004-08-01,-5.60
2004-09-01,-5.30
2004-10-01,-5.20
2004-11-01,-6.00
2004-12-01,-5.50
2005-01-01,-5.60
2005-02-01,-7.40
2005-03-01,-10.10
2005-04-01,-10.50
2005-05-01,-10.70
2005-06-01,-11.10
2005-07-01,-8.90
2005-08-01,-8.00
2005-09-01,-6.30
2005-10-01,-4.20
2005-11-01,-5.10
2005-12-01,-3.80
2006-01-01,-1.30
2006-02-01,0.10
2006-03-01,0.90
2006-04-01,4.10
2006-05-01,4.00
2006-06-01,5.20
2006-07-01,5.80
2006-08-01,6.00
2006-09-01,8.50
2006-10-01,10.30
2006-11-01,11.60
2006-12-01,11.30
2007-01-01,10.70
2007-02-01,8.90
2007-03-01,8.80
2007-04-01,8.80
2007-05-01,9.00
2007-06-01,9.90
2007-07-01,8.90
2007-08-01,8.60
2007-09-01,7.80
2007-10-01,7.00
2007-11-01,7.10
2007-12-01,6.90
2008-01-01,5.20
2008-02-01,5.20
2008-03-01,5.20
2008-04-01,3.00
2008-05-01,2.80
2008-06-01,-0.70
2008-07-01,-3.30
2008-08-01,-6.90
2008-09-01,-9.40
2008-10-01,-17.20
2008-11-01,-28.80
2008-12-01,-36.90
2009-01-01,-37.50
2009-02-01,-41.30
2009-03-01,-42.00
2009-04-01,-39.70
2009-05-01,-37.90
2009-06-01,-34.70
2009-07-01,-31.20
2009-08-01,-25.20
2009-09-01,-23.60
2009-10-01,-19.60
2009-11-01,-19.20
2009-12-01,-17.40
2010-01-01,-14.90
2010-02-01,-12.50
2010-03-01,-9.20
2010-04-01,-4.30
2010-05-01,-1.60
2010-06-01,1.30
2010-07-01,4.50
2010-08-01,5.80
2010-09-01,6.70
2010-10-01,7.70
2010-11-01,8.00
2010-12-01,9.40
2011-01-01,8.50
2011-02-01,10.50
2011-03-01,10.60
2011-04-01,10.90
2011-05-01,10.70
2011-06-01,9.50
2011-07-01,8.00
2011-08-01,4.80
2011-09-01,2.30
2011-10-01,0.60
2011-11-01,-1.50
2011-12-01,-1.00
2012-01-01,0.00
2012-02-01,0.00
2012-03-01,-2.40
2012-04-01,-1.50
2012-05-01,-4.40
2012-06-01,-5.40
2012-07-01,-8.80
2012-08-01,-9.60
2012-09-01,-11.90
2012-10-01,-14.60
2012-11-01,-11.80
2012-12-01,-10.30
2013-01-01,-8.80
2013-02-01,-6.80
2013-03-01,-7.80
2013-04-01,-7.40
2013-05-01,-8.00
2013-06-01,-5.80
2013-07-01,-6.40
2013-08-01,-2.10
2013-09-01,-1.70
2013-10-01,1.00
2013-11-01,0.90
2013-12-01,0.30
2014-01-01,0.50
2014-02-01,0.80
2014-03-01,1.30
2014-04-01,0.50
2014-05-01,0.70
2014-06-01,-1.20
2014-07-01,-0.90
2014-08-01,-2.90
2014-09-01,-5.30
2014-10-01,-6.40
2014-11-01,-4.50
2014-12-01,-4.40
2015-01-01,-3.00
2015-02-01,-2.10
2015-03-01,-0.10
2015-04-01,-0.30
2015-05-01,-0.90
2015-06-01,-1.30
2015-07-01,-0.70
2015-08-01,-2.00
2015-09-01,-1.70
2015-10-01,-3.40
2015-11-01,-2.60
2015-12-01,-3.00
2016-01-01,-3.80
2016-02-01,-4.20
2016-03-01,-3.80
2016-04-01,-2.80
2016-05-01,-2.30
2016-06-01,-1.40
2016-07-01,-0.90
2016-08-01,-2.80
2016-09-01,-0.60
2016-10-01,0.50
2016-11-01,0.30
2016-12-01,2.50
2017-01-01,2.50
2017-02-01,3.80
2017-03-01,5.50
2017-04-01,7.90
2017-05-01,8.20
2017-06-01,10.20
2017-07-01,11.80
2017-08-01,10.70
2017-09-01,11.90
2017-10-01,13.40
2017-11-01,13.30
2017-12-01,14.50
2018-01-01,14.90
2018-02-01,12.50
2018-03-01,10.80
2018-04-01,12.20
2018-05-01,11.50
2018-06-01,11.90
2018-07-01,10.40
2018-08-01,9.60
2018-09-01,9.10
2018-10-01,6.80
2018-11-01,6.70
2018-12-01,3.90
2019-01-01,2.40
2019-02-01,0.50
2019-03-01,-2.40
2019-04-01,-5.30
2019-05-01,-5.10
2019-06-01,-8.90
2019-07-01,-12.00
2019-08-01,-10.80
2019-09-01,-15.10
2019-10-01,-14.50
2019-11-01,-14.70
2019-12-01,-14.60
2020-01-01,-10.60
2020-02-01,-10.60
2020-03-01,-17.20
2020-04-01,-35.80
2020-05-01,-29.20
2020-06-01,-22.10
2020-07-01,-15.30
2020-08-01,-9.90
2020-09-01,-7.40
2020-10-01,-3.00
2020-11-01,-3.70
2020-12-01,-0.80
2021-01-01,1.10
2021-02-01,6.60
2021-03-01,12.40
2021-04-01,15.00
2021-05-01,15.90
2021-06-01,19.80
2021-07-01,22.10
2021-08-01,23.10
2021-09-01,24.20
2021-10-01,21.50
2021-11-01,20.70
2021-12-01,23.50
2022-01-01,22.60
2022-02-01,22.20
2022-03-01,15.10
2022-04-01,15.40
2022-05-01,13.90
2022-06-01,15.00
2022-07-01,11.10
2022-08-01,8.20
2022-09-01,4.60
2022-10-01,3.50
2022-11-01,3.70
2022-12-01,3.30
2023-01-01,4.20
2023-02-01,2.00
2023-03-01,-0.40
2023-04-01,-1.50
2023-05-01,-5.70
2023-06-01,-8.80
2023-07-01,-13.60
2023-08-01,-15.70
2023-09-01,-13.70
2023-10-01,-14.90
2023-11-01,-15.40
2023-12-01,-14.20
2024-01-01,-16.20
2024-02-01,-18.20
2024-03-01,-16.90
2024-04-01,-18.50
2024-05-01,-18.20
2024-06-01,-17.20
2024-07-01,-19.00
2024-08-01,-20.10
2024-09-01,-22.70
2024-10-01,-23.30
2024-11-01,-22.60
2024-12-01,-28.50
2025-01-01,-25.20
2025-02-01,-23.00
2025-03-01,-20.90
2025-04-01,-19.70
2025-05-01,-17.60
2025-06-01,-20.60
2025-07-01,-18.10
2025-08-01,-19.40
2025-09-01,-20.10
2025-10-01,-18.00
2025-11-01,-18.70
2025-12-01,-20.60
2026-01-01,-17.30
2026-02-01,-15.20
